﻿<?xml version="1.0" encoding="utf-8"?>
<Defs>

    <BiomeDef>
        <defName>RG-VIS_VulcanicIceSheet</defName>
        <label>vulcanic ice sheet</label>
        <description>Undergound streams of lava mealt the ice allowing for random patches of vegetation. Where the lava reaches the surface, warm, glowing pools "lakes". Hot springs can also be found here.</description>
        <workerClass>RGW_VolcanicIceSheet.RGW_VolcanicIceSheet_BiomeWorker</workerClass>
        <allowRoads>false</allowRoads>
        <allowRivers>false</allowRivers>
        <animalDensity>0.2</animalDensity>
        <plantDensity>0.5</plantDensity>
        <hasVirtualPlants>true</hasVirtualPlants>
        <settlementSelectionWeight>0.15</settlementSelectionWeight>
        <movementDifficulty>1.5</movementDifficulty>
        <texture>World/Biomes/VolcanicIceSheet</texture>
        <forageability>0.2</forageability>
        <isExtremeBiome>true</isExtremeBiome>
        <soundsAmbient>
            <li>Ambient_Wind_Desolate</li>
        </soundsAmbient>
        <diseaseMtbDays>90</diseaseMtbDays>
        <diseases>
            <li>
                <diseaseInc>Disease_Flu</diseaseInc>
                <commonality>100</commonality>
            </li>
            <li>
                <diseaseInc>Disease_Plague</diseaseInc>
                <commonality>80</commonality>
            </li>
            <li>
                <diseaseInc>Disease_FibrousMechanites</diseaseInc>
                <commonality>30</commonality>
            </li>
            <li>
                <diseaseInc>Disease_SensoryMechanites</diseaseInc>
                <commonality>30</commonality>
            </li>
            <li>
                <diseaseInc>Disease_AnimalFlu</diseaseInc>
                <commonality>100</commonality>
            </li>
            <li>
                <diseaseInc>Disease_AnimalPlague</diseaseInc>
                <commonality>80</commonality>
            </li>
        </diseases>
        <terrainsByFertility>
            <li>
                <terrain>Ice</terrain>
                <min>-999</min>
                <max>999</max>
            </li>
        </terrainsByFertility>
        <terrainPatchMakers>
            <li>
                <perlinFrequency>0.015</perlinFrequency>
                <perlinLacunarity>1.8</perlinLacunarity>
                <minSize>20</minSize>
                <thresholds>
                    <li>
                        <terrain>RG_HotSpringSand</terrain>
                        <min>-999</min>
                        <max>-1</max>
                    </li>
                    <li>
                        <terrain>RG_HotSpring</terrain>
                        <min>-1.0</min>
                        <max>-0.95</max>
                    </li>
                    <li>
                        <terrain>RG_HotSpringDeep</terrain>
                        <min>-0.95</min>
                        <max>-0.70</max>
                    </li>
                    <li>
                        <terrain>RG_HotSpring</terrain>
                        <min>-0.70</min>
                        <max>-0.55</max>
                    </li>
                    <li>
                        <terrain>RG_HotSpringSand</terrain>
                        <min>-0.55</min>
                        <max>-0.45</max>
                    </li>
                    <li>
                        <terrain>MossyTerrain</terrain>
                        <min>-0.45</min>
                        <max>-0.38</max>
                    </li>
                </thresholds>
            </li>
            <li>
                <perlinFrequency>0.03</perlinFrequency>
                <minSize>20</minSize>
                <thresholds>
                    <li>
                        <terrain>MossyTerrain</terrain>
                        <min>-0.10</min>
                        <max>0.16</max>
                    </li>
                    <li>
                        <terrain>Soil</terrain>
                        <min>0.16</min>
                        <max>0.36</max>
                    </li>
                    <li>
                        <terrain>SoilRich</terrain>
                        <min>0.36</min>
                        <max>0.50</max>
                    </li>
                    <li>
                        <terrain>RG_LavaRock</terrain>
                        <min>0.50</min>
                        <max>0.76</max>
                    </li>
                    <li>
                        <terrain>RG_Lava</terrain>
                        <min>0.76</min>
                        <max>999</max>
                    </li>
                </thresholds>
            </li>
        </terrainPatchMakers>
        <baseWeatherCommonalities>
            <Clear>20</Clear>
            <Fog>2</Fog>
            <Rain>0.5</Rain>
            <DryThunderstorm>2</DryThunderstorm>
            <RainyThunderstorm>0.2</RainyThunderstorm>
            <FoggyRain>0.5</FoggyRain>
            <SnowGentle>10</SnowGentle>
            <SnowHard>15</SnowHard>
            <RG_Overcast>8</RG_Overcast>
            <RG_Windy>6</RG_Windy>
            <RG_Drizzle>0.5</RG_Drizzle>
            <RG_FoggySnow>5</RG_FoggySnow>
            <RG_Blizzard>6</RG_Blizzard>
        </baseWeatherCommonalities>
        <wildPlants>
            <Plant_Grass>8.0</Plant_Grass>
            <Plant_Moss>4.0</Plant_Moss>
            <Plant_Bush>2.0</Plant_Bush>
            <Plant_Berry>0.05</Plant_Berry>
            <Plant_TreePine>0.2</Plant_TreePine>
            <Plant_TreeBirch>0.05</Plant_TreeBirch>
            <RG-VIC_Plant_ArcticFern>2.0</RG-VIC_Plant_ArcticFern>
            <RG-VIC_Plant_ArcticMoss>2.0</RG-VIC_Plant_ArcticMoss>
            <RG-VIC_Plant_ArcticFlower>1.0</RG-VIC_Plant_ArcticFlower>
            <RG-VIC_Plant_ArcticTreePine>0.3</RG-VIC_Plant_ArcticTreePine>
            <RG-VIS_Taztakus>0.05</RG-VIS_Taztakus>
        </wildPlants>
        <wildAnimals>
            <Hare>2</Hare>
            <Snowhare>2</Snowhare>
            <Elk>0.3</Elk>
            <Caribou>0.3</Caribou>
            <Muffalo>0.2</Muffalo>
            <WildBoar>0.2</WildBoar>
            <Deer>0.2</Deer>
            <Megasloth>0.1</Megasloth>
            <Fox_Arctic>0.03</Fox_Arctic>
            <Bear_Grizzly>0.02</Bear_Grizzly>
            <Bear_Polar>0.04</Bear_Polar>
            <Wolf_Timber>0.02</Wolf_Timber>
            <Wolf_Arctic>0.03</Wolf_Arctic>
            <Lynx>0.03</Lynx>
        </wildAnimals>
        <allowedPackAnimals>
            <li>Muffalo</li>
        </allowedPackAnimals>
    </BiomeDef>

</Defs>